transaction_id,customer_id,beneficiary_id,device_id,country,amount_usd,hour,is_new_beneficiary,is_cross_border,transactions_last_60m,label_synthetic_fraud
T000001,C0014,B0228,D0002,CN,426.83,9,1,0,3,0
T000002,C0117,B0124,D0102,CN,69.74,6,0,0,2,0
T000003,C0099,B0256,D0134,ID,9.59,17,0,0,4,0
T000004,C0066,B0198,D0003,GB,25.36,23,0,0,4,0
T000005,C0065,B0169,D0069,GB,615.0,16,0,0,6,0
T000006,C0129,B0234,D0002,GB,99.36,0,0,1,4,0
T000007,C0013,B0134,D0067,ID,70.05,11,1,1,4,0
T000008,C0105,B0187,D0128,HK,767.13,17,0,1,4,0
T000009,C0031,B0074,D0084,SG,525.93,9,0,0,4,0
T000010,C0015,B0250,D0005,ID,3363.714010420748,0,1,1,8,1
T000011,C0079,B0162,D0095,ID,110.67,16,0,0,4,0
T000012,C0147,B0203,D0009,HK,130.05,1,1,0,3,0
T000013,C0111,B0120,D0167,US,186.26,13,0,0,3,0
T000014,C0115,B0225,D0108,ID,735.13,4,0,1,3,0
T000015,C0108,B0020,D0001,DE,226.44,11,0,1,3,0
T000016,C0118,B0030,D0088,CN,306.75,9,0,0,1,0
T000017,C0077,B0132,D0111,US,477.84,19,0,0,1,0
T000018,C0020,B0190,D0047,HK,46.08,20,0,0,4,0
T000019,C0126,B0210,D0052,HK,315.72,11,0,0,2,0
T000020,C0068,B0114,D0075,CN,110.55,12,0,0,2,0
T000021,C0076,B0169,D0047,MY,11.99,15,0,0,2,0
T000022,C0056,B0144,D0136,HK,17.67,15,0,0,4,0
T000023,C0028,B0250,D0019,HK,53.62,15,0,0,5,0
T000024,C0140,B0170,D0148,CN,252.45,18,0,1,3,0
T000025,C0118,B0108,D0063,GB,166.3,23,0,0,1,0
T000026,C0097,B0252,D0101,ID,178.46,19,0,0,2,0
T000027,C0061,B0028,D0029,HK,1044.13,3,1,0,2,0
T000028,C0124,B0256,D0069,HK,41.72,11,0,0,2,0
T000029,C0082,B0040,D0136,MY,144.4,11,0,0,3,0
T000030,C0067,B0075,D0049,HK,201.23,12,0,1,4,0
T000031,C0068,B0213,D0024,HK,71.07,12,0,1,1,0
T000032,C0035,B0191,D0094,TH,152.68,17,0,0,1,0
T000033,C0014,B0252,D0030,HK,29.97,10,1,0,4,0
T000034,C0084,B0195,D0057,ID,607.84,6,0,0,3,0
T000035,C0134,B0165,D0081,ID,75.07,10,0,0,2,0
T000036,C0010,B0090,D0101,ID,1131.61,20,0,0,4,0
T000037,C0129,B0002,D0002,ID,143.67,7,0,1,4,0
T000038,C0125,B0033,D0122,SG,414.91,0,0,0,3,0
T000039,C0042,B0078,D0152,US,140.71,23,0,0,2,0
T000040,C0095,B0011,D0012,GB,143.92,4,0,0,3,0
T000041,C0025,B0132,D0065,ID,82.76,14,0,0,2,0
T000042,C0114,B0202,D0001,CN,167.19,19,0,1,1,0
T000043,C0106,B0250,D0002,ID,203.98,6,0,0,1,0
T000044,C0054,B0127,D0038,MY,67.74,8,0,0,1,0
T000045,C0011,B0227,D0108,ID,130.97,6,0,0,4,0
T000046,C0146,B0256,D0161,CN,80.63,3,0,1,2,0
T000047,C0067,B0223,D0139,SG,1479.8,3,0,0,3,0
T000048,C0134,B0121,D0116,CN,135.68,4,0,0,4,0
T000049,C0102,B0085,D0140,SG,695.92,10,0,0,1,0
T000050,C0117,B0254,D0031,US,1786.415100928813,4,1,1,17,1
T000051,C0114,B0063,D0151,ID,192.34,0,0,1,5,0
T000052,C0030,B0107,D0160,MY,772.7486198637426,3,1,1,21,1
T000053,C0055,B0020,D0018,HK,94.91,16,0,0,1,0
T000054,C0071,B0206,D0085,US,183.19,1,0,0,3,0
T000055,C0075,B0169,D0149,DE,724.88,20,0,0,2,0
T000056,C0007,B0022,D0086,TH,185.3,0,1,0,2,0
T000057,C0082,B0058,D0151,ID,592.13,13,1,1,1,0
T000058,C0024,B0144,D0168,SG,281.67,11,0,0,3,0
T000059,C0112,B0140,D0085,ID,755.52,12,0,0,1,0
T000060,C0103,B0208,D0011,ID,139.9,22,0,0,2,0
T000061,C0139,B0069,D0061,CN,1620.07,22,1,0,1,0
T000062,C0112,B0240,D0039,TH,91.34,6,0,0,2,0
T000063,C0055,B0116,D0085,TH,68.96,13,0,0,4,0
T000064,C0146,B0214,D0105,HK,44.25,23,0,0,4,0
T000065,C0062,B0062,D0084,CN,1526.95,17,0,0,3,0
T000066,C0049,B0010,D0035,DE,336.79,21,0,1,1,0
T000067,C0136,B0015,D0054,MY,106.26,10,0,0,4,0
T000068,C0056,B0097,D0122,ID,517.51,6,0,0,3,0
T000069,C0012,B0247,D0005,HK,295.21,12,0,0,4,0
T000070,C0071,B0013,D0039,DE,1060.11,19,1,0,3,0
T000071,C0120,B0096,D0160,SG,31.57,22,0,0,1,0
T000072,C0029,B0029,D0018,SG,113.82,16,0,0,2,0
T000073,C0070,B0242,D0075,TH,93.45,16,0,0,3,0
T000074,C0020,B0175,D0038,TH,20.62,12,0,1,2,0
T000075,C0103,B0198,D0019,MY,8672.136920728899,23,1,1,19,1
T000076,C0072,B0185,D0076,US,113.25,10,0,0,1,0
T000077,C0050,B0171,D0001,ID,310.95,11,0,1,2,0
T000078,C0035,B0201,D0032,SG,1571.48,19,1,1,2,0
T000079,C0085,B0003,D0014,CN,104.25,13,0,0,5,0
T000080,C0101,B0225,D0025,CN,97.4,19,0,0,1,0
T000081,C0142,B0192,D0117,HK,167.11,0,0,0,3,0
T000082,C0066,B0192,D0003,CN,398.32,18,0,0,3,0
T000083,C0025,B0102,D0033,SG,84.21,12,0,0,2,0
T000084,C0125,B0208,D0058,US,78.97,23,0,0,6,0
T000085,C0095,B0099,D0062,SG,427.17,11,1,1,4,0
T000086,C0106,B0013,D0065,SG,3604.137701053013,3,1,1,11,1
T000087,C0015,B0236,D0044,ID,19.21,3,0,1,2,0
T000088,C0047,B0061,D0010,ID,43.58,19,0,0,3,0
T000089,C0116,B0027,D0002,DE,665.96,16,0,0,3,0
T000090,C0125,B0162,D0064,HK,221.83,20,1,1,3,0
T000091,C0066,B0061,D0062,ID,69.26,2,0,0,2,0
T000092,C0121,B0223,D0048,US,125.16,5,0,0,6,0
T000093,C0127,B0115,D0167,CN,150.39,21,0,0,3,0
T000094,C0059,B0002,D0110,ID,309.74,1,0,0,1,0
T000095,C0135,B0247,D0075,SG,38.16,12,1,0,1,0
T000096,C0044,B0134,D0037,ID,64.01,9,0,0,4,0
T000097,C0036,B0069,D0144,CN,194.99,22,0,0,4,0
T000098,C0103,B0176,D0160,ID,134.31,20,0,0,2,0
T000099,C0096,B0138,D0002,ID,2739.1629571785047,23,1,1,20,1
T000100,C0021,B0008,D0167,ID,43.4,6,0,0,5,0
T000101,C0125,B0197,D0126,CN,212.12,14,0,0,4,0
T000102,C0030,B0104,D0018,ID,442.12,16,0,0,1,0
T000103,C0121,B0182,D0135,DE,241.49,23,0,0,5,0
T000104,C0002,B0232,D0020,ID,170.56,0,0,0,2,0
T000105,C0120,B0159,D0010,CN,134.84,23,0,0,1,0
T000106,C0119,B0174,D0021,HK,64.4,8,0,0,2,0
T000107,C0118,B0066,D0083,HK,138.1,3,0,0,2,0
T000108,C0100,B0062,D0111,ID,523.07,14,0,1,3,0
T000109,C0071,B0108,D0073,US,131.76,18,0,0,2,0
T000110,C0106,B0221,D0022,NL,60.96,3,0,0,1,0
T000111,C0042,B0136,D0036,ID,90.72,0,0,0,1,0
T000112,C0118,B0091,D0153,ID,181.43,21,1,0,2,0
T000113,C0084,B0202,D0173,MY,102.15,22,0,0,3,0
T000114,C0069,B0222,D0136,CN,241.12,3,0,0,2,0
T000115,C0076,B0234,D0019,ID,250.35,21,1,0,3,0
T000116,C0086,B0078,D0147,ID,361.04,21,0,0,4,0
T000117,C0006,B0184,D0124,CN,616.19,23,0,0,2,0
T000118,C0021,B0153,D0095,GB,401.76,5,0,1,1,0
T000119,C0037,B0117,D0026,CN,58.31,13,0,0,1,0
T000120,C0018,B0103,D0179,MY,60.13,23,0,1,4,0
T000121,C0066,B0030,D0080,HK,137.58,21,0,0,4,0
T000122,C0101,B0072,D0008,SG,94.52,14,0,1,5,0
T000123,C0099,B0143,D0038,HK,47.54,4,0,0,2,0
T000124,C0071,B0230,D0072,SG,95.42,2,0,0,2,0
T000125,C0129,B0225,D0012,ID,92.34,6,1,0,6,0
T000126,C0085,B0049,D0058,ID,75.8,1,0,0,2,0
T000127,C0012,B0176,D0084,SG,108.22,4,0,0,3,0
T000128,C0115,B0022,D0170,GB,482.24,1,1,0,1,0
T000129,C0087,B0175,D0016,ID,181.13,18,0,0,2,0
T000130,C0096,B0089,D0104,SG,30835.58533498194,1,1,1,12,1
T000131,C0085,B0117,D0164,CN,176.0,12,0,1,4,0
T000132,C0084,B0186,D0145,CN,111.04,19,0,0,4,0
T000133,C0014,B0111,D0166,US,149.03,9,0,0,6,0
T000134,C0084,B0210,D0031,DE,191.81,9,0,0,6,0
T000135,C0120,B0139,D0144,GB,229.35,4,0,0,5,0
T000136,C0046,B0259,D0176,ID,1184.07,10,0,1,4,0
T000137,C0091,B0166,D0003,HK,63.73,4,0,0,3,0
T000138,C0005,B0077,D0090,CN,350.39,14,0,0,3,0
T000139,C0053,B0201,D0096,ID,182.68,23,0,0,4,0
T000140,C0066,B0106,D0089,ID,30.84,12,0,0,1,0
T000141,C0148,B0139,D0052,ID,320.76,7,0,0,1,0
T000142,C0033,B0036,D0174,HK,527.22,16,0,1,2,0
T000143,C0042,B0031,D0001,SG,62.98,19,0,0,3,0
T000144,C0062,B0149,D0069,ID,147.09,11,0,0,5,0
T000145,C0149,B0049,D0145,DE,26.43,6,1,0,1,0
T000146,C0129,B0259,D0072,MY,42.15,17,0,0,1,0
T000147,C0006,B0222,D0143,ID,423.28,4,0,1,4,0
T000148,C0036,B0182,D0105,MY,93.09,23,0,0,1,0
T000149,C0124,B0191,D0085,ID,48.97,7,0,0,4,0
T000150,C0009,B0155,D0023,MY,186.69,8,0,0,2,0
T000151,C0129,B0016,D0002,MY,88.02,17,1,0,2,0
T000152,C0043,B0102,D0058,ID,92.68,0,1,0,3,0
T000153,C0138,B0129,D0039,US,310.85,4,0,0,2,0
T000154,C0045,B0238,D0035,TH,46.44,3,0,1,2,0
T000155,C0066,B0057,D0003,MY,60.02,9,0,0,3,0
T000156,C0100,B0129,D0019,TH,173.14,13,0,0,4,0
T000157,C0019,B0090,D0143,CN,391.27,4,0,0,2,0
T000158,C0084,B0035,D0156,ID,511.92,8,0,0,3,0
T000159,C0076,B0027,D0006,DE,76.32,18,0,0,4,0
T000160,C0118,B0095,D0106,CN,378.94,22,1,0,4,0
T000161,C0150,B0022,D0104,CN,67.75,0,0,0,6,0
T000162,C0100,B0018,D0065,SG,11751.102117571461,0,1,1,17,1
T000163,C0062,B0091,D0120,CN,47.76,0,1,0,4,0
T000164,C0061,B0053,D0074,ID,560.3,12,0,0,2,0
T000165,C0063,B0144,D0079,GB,76.98,21,0,0,3,0
T000166,C0123,B0005,D0078,ID,1111.26,19,0,0,2,0
T000167,C0049,B0079,D0144,GB,268.09,5,0,0,3,0
T000168,C0026,B0118,D0114,DE,53.73,6,0,1,2,0
T000169,C0051,B0250,D0068,HK,88.04,18,0,0,4,0
T000170,C0004,B0165,D0166,HK,324.14,19,0,0,2,0
T000171,C0016,B0229,D0144,SG,425.24,6,0,1,3,0
T000172,C0014,B0089,D0167,TH,138.28,0,0,0,3,0
T000173,C0116,B0117,D0131,GB,155.19,10,0,0,2,0
T000174,C0109,B0109,D0071,SG,316.83,14,0,0,1,0
T000175,C0105,B0230,D0139,ID,169.32,10,0,0,4,0
T000176,C0070,B0249,D0059,ID,40.71,22,0,0,3,0
T000177,C0108,B0250,D0049,HK,65.83,19,0,0,3,0
T000178,C0025,B0195,D0081,MY,187.75,18,0,0,1,0
T000179,C0136,B0131,D0174,GB,500.44,0,0,0,2,0
T000180,C0076,B0141,D0102,ID,746.94,20,0,0,1,0
T000181,C0141,B0254,D0069,DE,323.61,18,0,1,3,0
T000182,C0023,B0074,D0001,SG,197.81,9,0,0,3,0
T000183,C0075,B0090,D0053,DE,313.82,14,0,1,3,0
T000184,C0105,B0233,D0118,ID,76.19,19,0,0,3,0
T000185,C0075,B0101,D0063,CN,127.33,21,0,0,6,0
T000186,C0067,B0061,D0100,MY,65.1,13,0,0,4,0
T000187,C0025,B0146,D0067,ID,42.57,0,0,0,5,0
T000188,C0058,B0085,D0058,GB,207.17,14,0,0,1,0
T000189,C0036,B0231,D0174,TH,178.67,16,0,0,3,0
T000190,C0046,B0236,D0062,ID,295.2,1,0,0,3,0
T000191,C0103,B0080,D0013,ID,256.24,19,0,0,2,0
T000192,C0095,B0138,D0068,GB,189.17,4,1,0,5,0
T000193,C0092,B0255,D0096,SG,5436.0660501931025,3,1,1,12,1
T000194,C0055,B0193,D0017,ID,142.21,13,1,0,1,0
T000195,C0144,B0056,D0055,HK,224.28,7,0,0,4,0
T000196,C0014,B0154,D0030,US,71.8,1,0,0,3,0
T000197,C0052,B0161,D0090,SG,214.8,0,0,0,3,0
T000198,C0018,B0170,D0130,SG,289.58,17,0,0,2,0
T000199,C0051,B0007,D0174,DE,75.97,9,0,0,5,0
T000200,C0145,B0078,D0070,HK,156.31,20,0,0,3,0
T000201,C0055,B0222,D0155,DE,1760.272239617246,2,1,1,22,1
T000202,C0137,B0063,D0039,HK,87.66,22,0,1,3,0
T000203,C0075,B0078,D0140,MY,48.19,22,1,0,2,0
T000204,C0105,B0084,D0101,CN,526.25,2,0,1,3,0
T000205,C0069,B0046,D0136,ID,430.82,15,0,0,5,0
T000206,C0040,B0041,D0136,NL,254.03,22,0,0,1,0
T000207,C0115,B0090,D0096,HK,21612.55841695091,1,1,1,18,1
T000208,C0146,B0227,D0047,ID,122.82,1,1,0,3,0
T000209,C0040,B0001,D0095,ID,3077.16,21,0,0,5,0
T000210,C0117,B0074,D0148,GB,2916.421455132863,23,1,1,11,1
T000211,C0040,B0016,D0174,ID,191.56,0,0,0,3,0
T000212,C0108,B0146,D0167,SG,99.71,20,0,0,1,0
T000213,C0119,B0065,D0033,ID,215.36,16,0,0,2,0
T000214,C0068,B0206,D0107,HK,342.28,1,0,0,3,0
T000215,C0111,B0152,D0019,SG,132.43,6,0,1,3,0
T000216,C0041,B0204,D0120,HK,877.19,0,0,0,3,0
T000217,C0012,B0165,D0178,ID,188.51,22,1,0,3,0
T000218,C0015,B0114,D0010,ID,194.51,0,0,1,1,0
T000219,C0068,B0223,D0118,CN,59.8,19,1,1,2,0
T000220,C0136,B0124,D0170,SG,225.54,12,0,0,2,0
T000221,C0020,B0247,D0152,CN,2075.0608263400864,4,1,1,20,1
T000222,C0069,B0258,D0071,ID,80.78,19,0,1,5,0
T000223,C0106,B0153,D0019,ID,68.27,21,0,0,3,0
T000224,C0031,B0175,D0166,ID,2146.86,3,0,0,3,0
T000225,C0109,B0067,D0165,HK,114.04,0,0,0,2,0
T000226,C0046,B0211,D0104,SG,34.57,2,0,1,1,0
T000227,C0122,B0174,D0176,DE,1123.7922642814167,23,1,1,19,1
T000228,C0087,B0234,D0001,SG,140.95,13,0,0,2,0
T000229,C0083,B0070,D0111,HK,256.38,2,0,0,2,0
T000230,C0027,B0204,D0007,CN,258.47,5,0,0,1,0
T000231,C0070,B0122,D0168,ID,291.96,12,0,0,2,0
T000232,C0129,B0048,D0122,HK,77.88,17,0,1,2,0
T000233,C0003,B0045,D0164,SG,208.6,8,0,0,5,0
T000234,C0114,B0146,D0101,SG,61.8,22,0,0,1,0
T000235,C0074,B0083,D0003,ID,79.87,23,0,0,3,0
T000236,C0108,B0027,D0005,US,59.28,18,1,0,2,0
T000237,C0100,B0111,D0061,MY,45.22,10,0,1,2,0
T000238,C0065,B0170,D0134,ID,430.18,21,0,0,4,0
T000239,C0047,B0083,D0028,CN,295.48,17,0,1,1,0
T000240,C0095,B0248,D0153,US,394.12,12,0,0,3,0
T000241,C0022,B0202,D0043,SG,154.36,10,0,0,1,0
T000242,C0088,B0133,D0089,US,322.73,19,0,0,3,0
T000243,C0015,B0243,D0037,CN,25.5,13,0,0,5,0
T000244,C0098,B0113,D0084,MY,351.81,4,0,0,4,0
T000245,C0095,B0037,D0081,TH,177.17,23,0,0,2,0
T000246,C0013,B0010,D0001,ID,277.86,1,1,0,6,0
T000247,C0114,B0243,D0102,HK,217.03,16,0,0,4,0
T000248,C0063,B0249,D0141,CN,55.31,15,0,0,4,0
T000249,C0119,B0192,D0168,ID,33.18,14,0,0,2,0
T000250,C0007,B0027,D0060,SG,72.82,1,0,1,1,0
T000251,C0027,B0077,D0158,TH,261.1,11,0,0,3,0
T000252,C0075,B0011,D0158,ID,295.92,21,0,1,1,0
T000253,C0029,B0014,D0177,HK,37.79,5,0,0,2,0
T000254,C0050,B0064,D0067,DE,55.64,16,0,0,2,0
T000255,C0100,B0149,D0153,SG,72.01,20,0,0,2,0
T000256,C0022,B0017,D0102,HK,103.82,22,1,1,2,0
T000257,C0102,B0256,D0011,TH,38.01,12,0,0,3,0
T000258,C0016,B0118,D0049,HK,802.6542980046984,1,1,1,18,1
T000259,C0027,B0069,D0121,ID,65.25,16,0,1,3,0
T000260,C0089,B0134,D0029,ID,161.78,11,1,0,5,0
T000261,C0120,B0205,D0078,MY,45.58,15,0,1,4,0
T000262,C0026,B0081,D0139,ID,132.18,17,0,0,1,0
T000263,C0045,B0013,D0027,HK,427.76,17,0,1,2,0
T000264,C0139,B0014,D0089,ID,40.38,5,0,1,3,0
T000265,C0149,B0221,D0039,SG,120.73,18,0,1,1,0
T000266,C0088,B0029,D0097,MY,413.54,13,1,0,4,0
T000267,C0068,B0165,D0044,HK,97.68,22,0,1,1,0
T000268,C0053,B0100,D0173,TH,83.62,15,0,1,2,0
T000269,C0092,B0202,D0001,ID,475.09,21,0,0,2,0
T000270,C0089,B0016,D0173,HK,109.27,23,1,0,7,0
T000271,C0045,B0233,D0142,DE,447.87,23,1,1,5,0
T000272,C0004,B0181,D0154,HK,227.91,17,0,0,7,0
T000273,C0023,B0117,D0153,ID,105.34,14,0,0,2,0
T000274,C0144,B0054,D0034,DE,239.77,2,0,0,2,0
T000275,C0063,B0254,D0167,SG,204.48,9,0,0,2,0
T000276,C0073,B0079,D0107,HK,3489.1315637486273,4,1,1,19,1
T000277,C0071,B0128,D0173,TH,85.77,18,0,0,1,0
T000278,C0118,B0103,D0158,ID,154.66,14,0,0,6,0
T000279,C0010,B0060,D0104,SG,139.56,10,0,1,5,0
T000280,C0013,B0108,D0068,ID,300.11,3,0,0,3,0
T000281,C0042,B0040,D0021,SG,53.24,17,1,0,3,0
T000282,C0073,B0001,D0019,ID,410.34,10,0,0,3,0
T000283,C0101,B0076,D0003,GB,236.59,0,0,1,2,0
T000284,C0074,B0030,D0146,ID,852.0401840050057,2,1,1,11,1
T000285,C0067,B0108,D0091,GB,496.84,21,1,0,3,0
T000286,C0141,B0224,D0087,ID,1385.88,2,0,0,2,0
T000287,C0025,B0043,D0044,SG,404.17,9,1,0,4,0
T000288,C0086,B0001,D0102,SG,618.31,12,0,0,2,0
T000289,C0082,B0029,D0115,GB,161.64,2,0,0,3,0
T000290,C0072,B0132,D0176,HK,28.18,3,0,0,3,0
T000291,C0122,B0072,D0131,SG,23.47,22,0,0,4,0
T000292,C0041,B0127,D0109,DE,191.54,14,0,0,6,0
T000293,C0144,B0008,D0163,CN,82.11,5,0,0,4,0
T000294,C0050,B0087,D0001,ID,59.47,4,0,1,2,0
T000295,C0082,B0107,D0168,MY,139.39,10,0,0,3,0
T000296,C0079,B0112,D0067,SG,274.67,17,0,0,1,0
T000297,C0128,B0143,D0023,ID,34.72,17,0,0,2,0
T000298,C0066,B0203,D0075,HK,94.74,4,0,1,4,0
T000299,C0043,B0122,D0024,ID,671.74,17,0,0,4,0
T000300,C0004,B0218,D0022,ID,50.64,21,1,0,4,0
T000301,C0055,B0138,D0002,US,354.16,5,1,0,2,0
T000302,C0124,B0068,D0143,ID,91.4,0,0,0,2,0
T000303,C0002,B0060,D0040,US,256.16,23,0,1,3,0
T000304,C0135,B0084,D0150,MY,444.67,12,0,0,2,0
T000305,C0082,B0155,D0013,CN,311.46,18,0,0,2,0
T000306,C0022,B0063,D0051,GB,368.4,7,1,1,3,0
T000307,C0046,B0237,D0127,GB,46.92,7,0,0,2,0
T000308,C0084,B0125,D0055,TH,451.99,5,0,0,4,0
T000309,C0048,B0224,D0131,SG,63.26,5,0,0,2,0
T000310,C0017,B0177,D0157,ID,192.39,11,0,0,3,0
T000311,C0100,B0087,D0012,HK,192.14,2,1,0,3,0
T000312,C0101,B0060,D0003,HK,241.08,20,0,1,3,0
T000313,C0018,B0193,D0169,ID,207.88,12,0,1,3,0
T000314,C0043,B0086,D0094,CN,63.83,21,0,1,4,0
T000315,C0037,B0064,D0091,ID,38.48,12,1,0,3,0
T000316,C0099,B0241,D0083,MY,355.08,7,0,0,2,0
T000317,C0110,B0126,D0078,ID,178.72,12,1,0,3,0
T000318,C0110,B0013,D0124,ID,468.43,3,1,1,4,0
T000319,C0141,B0129,D0104,ID,141.92,19,0,0,4,0
T000320,C0116,B0120,D0030,ID,36.41,17,1,0,3,0
T000321,C0049,B0224,D0113,ID,389.99,3,0,0,3,0
T000322,C0017,B0185,D0120,ID,102.48,13,0,1,2,0
T000323,C0093,B0050,D0021,ID,208.93,12,0,1,3,0
T000324,C0138,B0039,D0068,ID,77.68,4,0,1,2,0
T000325,C0147,B0157,D0142,SG,768.39,2,0,0,2,0
T000326,C0035,B0013,D0111,SG,61.77,18,0,0,3,0
T000327,C0036,B0083,D0025,SG,105.91,6,0,0,5,0
T000328,C0006,B0036,D0008,SG,165.25,12,0,0,2,0
T000329,C0022,B0006,D0105,ID,49.79,5,0,1,3,0
T000330,C0084,B0238,D0083,ID,206.55,15,0,0,2,0
T000331,C0083,B0024,D0173,ID,743.9,1,0,0,4,0
T000332,C0056,B0003,D0094,US,90.88,8,1,0,4,0
T000333,C0047,B0242,D0167,TH,220.33,13,1,0,2,0
T000334,C0125,B0049,D0039,MY,9.49,10,0,0,5,0
T000335,C0070,B0212,D0081,HK,142.75,14,0,0,3,0
T000336,C0122,B0009,D0025,HK,108.52,4,0,1,1,0
T000337,C0145,B0040,D0103,SG,65.46,10,0,0,3,0
T000338,C0048,B0029,D0034,US,437.66,18,0,0,4,0
T000339,C0031,B0183,D0089,US,107.1,8,0,0,2,0
T000340,C0143,B0161,D0062,DE,124.28,3,0,0,5,0
T000341,C0096,B0124,D0034,NL,101.78,20,0,0,2,0
T000342,C0044,B0063,D0018,SG,21.83,18,0,1,1,0
T000343,C0094,B0024,D0092,US,47.85,16,0,0,3,0
T000344,C0078,B0148,D0170,US,388.03,19,1,1,2,0
T000345,C0136,B0060,D0036,SG,177.91430641790774,2,1,1,15,1
T000346,C0039,B0153,D0073,MY,68.97,17,0,0,6,0
T000347,C0149,B0179,D0041,ID,99.51,12,0,0,2,0
T000348,C0141,B0221,D0145,TH,848.63,0,0,0,4,0
T000349,C0028,B0128,D0075,US,320.09,14,0,1,3,0
T000350,C0025,B0002,D0175,ID,1648.0309330763398,4,1,1,11,1
T000351,C0080,B0073,D0044,CN,547.04,18,0,0,2,0
T000352,C0007,B0222,D0015,ID,70.77,11,0,0,3,0
T000353,C0045,B0139,D0105,US,407.12,21,0,1,3,0
T000354,C0066,B0161,D0117,US,38.13,14,0,0,2,0
T000355,C0146,B0119,D0178,CN,434.09,13,0,1,4,0
T000356,C0149,B0043,D0156,DE,98.88,22,0,0,1,0
T000357,C0023,B0233,D0001,ID,53.06,11,1,1,5,0
T000358,C0134,B0201,D0114,ID,119.45,9,0,0,1,0
T000359,C0014,B0258,D0065,SG,195.85,8,0,0,1,0
T000360,C0113,B0222,D0077,ID,90.49,21,1,1,2,0
T000361,C0127,B0076,D0024,HK,258.26,18,0,0,2,0
T000362,C0134,B0066,D0078,ID,82.85,3,0,0,4,0
T000363,C0034,B0065,D0066,SG,275.99,11,0,0,3,0
T000364,C0135,B0238,D0007,SG,230.95,8,0,0,3,0
T000365,C0018,B0145,D0037,NL,139.64,15,0,0,6,0
T000366,C0078,B0118,D0096,ID,95.45,1,1,0,3,0
T000367,C0071,B0251,D0067,NL,172.7,17,1,1,1,0
T000368,C0048,B0157,D0178,SG,3040.3506797187615,23,1,1,21,1
T000369,C0004,B0236,D0086,SG,1166.54,5,0,0,4,0
T000370,C0116,B0256,D0172,HK,379.71,3,0,0,3,0
T000371,C0051,B0021,D0119,SG,393.86,15,0,1,2,0
T000372,C0100,B0094,D0008,ID,3256.84,6,0,0,2,0
T000373,C0062,B0191,D0037,HK,2663.0410810212175,23,1,1,13,1
T000374,C0057,B0211,D0127,ID,240.96,18,0,0,4,0
T000375,C0133,B0039,D0098,SG,300.07,22,0,0,4,0
T000376,C0015,B0083,D0055,CN,54.11,12,0,0,1,0
T000377,C0111,B0142,D0094,SG,95.21,22,0,0,3,0
T000378,C0113,B0207,D0162,DE,89.46,0,0,1,2,0
T000379,C0057,B0030,D0070,ID,283.61,6,1,0,2,0
T000380,C0040,B0156,D0009,TH,124.69,0,0,0,5,0
T000381,C0001,B0077,D0056,US,170.41,16,0,0,2,0
T000382,C0141,B0057,D0168,TH,440.3,12,0,0,2,0
T000383,C0143,B0134,D0137,DE,351.83,6,0,1,4,0
T000384,C0037,B0108,D0150,ID,126.25,7,1,0,2,0
T000385,C0005,B0165,D0164,HK,75.94,15,1,1,2,0
T000386,C0019,B0083,D0022,ID,8015.876794585801,4,1,1,23,1
T000387,C0011,B0214,D0051,DE,321.79,12,0,0,4,0
T000388,C0125,B0021,D0011,CN,29.78,14,0,0,2,0
T000389,C0134,B0224,D0001,ID,108.51,5,0,0,2,0
T000390,C0023,B0008,D0150,MY,175.13,5,0,1,3,0
T000391,C0113,B0191,D0168,ID,323.38,8,0,0,3,0
T000392,C0027,B0090,D0028,CN,368.74,14,0,0,3,0
T000393,C0056,B0100,D0130,GB,197.14,6,0,0,4,0
T000394,C0090,B0005,D0096,ID,266.47,9,0,0,1,0
T000395,C0108,B0182,D0013,CN,158.24,13,0,1,1,0
T000396,C0132,B0043,D0164,DE,75.65,4,0,0,4,0
T000397,C0007,B0171,D0156,ID,114.29,13,0,0,4,0
T000398,C0030,B0188,D0102,HK,151.26,3,0,0,2,0
T000399,C0043,B0219,D0127,ID,143.35,3,0,0,2,0
T000400,C0047,B0184,D0072,CN,22.52,5,0,0,3,0
T000401,C0150,B0079,D0142,ID,99.73,6,0,0,2,0
T000402,C0117,B0192,D0080,MY,156.99,0,0,0,3,0
T000403,C0049,B0214,D0178,NL,112.01,23,1,0,3,0
T000404,C0146,B0083,D0012,ID,115.95,7,0,0,3,0
T000405,C0075,B0033,D0031,SG,241.77,19,0,1,4,0
T000406,C0076,B0231,D0174,CN,50.45,21,0,0,3,0
T000407,C0066,B0039,D0052,GB,29.14,19,0,0,2,0
T000408,C0022,B0154,D0056,HK,104.78,19,0,0,4,0
T000409,C0141,B0062,D0142,ID,318.66,2,0,0,3,0
T000410,C0003,B0033,D0034,ID,802.36,8,0,1,3,0
T000411,C0027,B0202,D0092,TH,324.45,17,0,0,6,0
T000412,C0035,B0038,D0052,HK,34.18,13,0,0,2,0
T000413,C0042,B0174,D0036,NL,117.64,0,0,1,4,0
T000414,C0020,B0180,D0173,HK,191.83,13,0,1,5,0
T000415,C0003,B0016,D0036,MY,177.26,19,0,1,3,0
T000416,C0102,B0045,D0017,ID,254.5,19,0,0,5,0
T000417,C0146,B0206,D0121,ID,59.32,9,0,0,3,0
T000418,C0019,B0132,D0156,MY,158.37,5,0,0,4,0
T000419,C0045,B0032,D0023,MY,225.95,7,0,0,3,0
T000420,C0076,B0257,D0127,SG,338.89,7,0,0,1,0
T000421,C0140,B0069,D0097,SG,66.31,8,1,1,1,0
T000422,C0105,B0002,D0149,HK,105.09,7,0,0,5,0
T000423,C0115,B0240,D0023,SG,9.94,10,0,0,3,0
T000424,C0088,B0005,D0175,ID,79.72,0,0,0,3,0
T000425,C0063,B0144,D0111,NL,87.85,6,0,0,3,0
T000426,C0030,B0258,D0151,ID,53.54,7,0,0,3,0
T000427,C0130,B0150,D0065,GB,175.14,3,1,1,3,0
T000428,C0121,B0152,D0169,ID,140.34,21,0,0,1,0
T000429,C0004,B0101,D0113,ID,15.5,16,0,0,3,0
T000430,C0108,B0033,D0001,CN,184.11,21,0,0,7,0
T000431,C0013,B0149,D0003,SG,58.66,13,0,0,4,0
T000432,C0111,B0233,D0143,CN,4791.5554302242,23,1,1,9,1
T000433,C0124,B0024,D0054,ID,41.19,21,0,0,3,0
T000434,C0020,B0229,D0098,MY,152.93,10,0,0,1,0
T000435,C0066,B0108,D0070,US,111.81,16,1,0,2,0
T000436,C0019,B0139,D0098,NL,200.96,9,0,0,3,0
T000437,C0086,B0043,D0173,ID,168.12,11,0,1,2,0
T000438,C0140,B0162,D0161,SG,114.99,11,0,0,2,0
T000439,C0013,B0048,D0039,SG,31.94,6,1,0,5,0
T000440,C0060,B0071,D0174,HK,33.88,13,1,1,3,0
T000441,C0146,B0187,D0079,SG,82.77,17,0,1,5,0
T000442,C0046,B0014,D0127,ID,147.19,0,1,0,1,0
T000443,C0020,B0116,D0137,SG,80.78,3,1,0,3,0
T000444,C0074,B0154,D0087,ID,277.33,20,1,1,1,0
T000445,C0077,B0035,D0082,SG,112.26,13,1,0,2,0
T000446,C0100,B0077,D0082,ID,56.54,23,0,0,3,0
T000447,C0048,B0089,D0155,ID,112.38,14,0,0,2,0
T000448,C0144,B0172,D0070,CN,186.02,15,0,1,4,0
T000449,C0079,B0253,D0051,SG,205.38,21,0,0,4,0
T000450,C0043,B0217,D0065,SG,971.05,15,0,0,2,0
T000451,C0145,B0050,D0035,HK,76.03,7,0,0,2,0
T000452,C0139,B0005,D0071,US,137.9,12,1,1,4,0
T000453,C0075,B0014,D0021,SG,227.27,5,0,0,1,0
T000454,C0004,B0155,D0017,CN,144.98,8,1,1,5,0
T000455,C0090,B0041,D0130,TH,89.96,16,0,0,2,0
T000456,C0084,B0060,D0002,HK,31.52,3,0,1,3,0
T000457,C0023,B0220,D0102,MY,89.05,16,0,1,2,0
T000458,C0096,B0227,D0140,US,50.72,14,0,0,2,0
T000459,C0127,B0218,D0130,ID,26.4,7,0,0,2,0
T000460,C0016,B0066,D0080,SG,66.98,1,0,0,1,0
T000461,C0109,B0161,D0035,GB,52.09,16,0,1,3,0
T000462,C0022,B0159,D0167,TH,266.08,19,0,0,4,0
T000463,C0113,B0048,D0150,HK,270.72,17,0,0,5,0
T000464,C0063,B0144,D0110,ID,60.11,10,1,1,2,0
T000465,C0001,B0137,D0016,CN,114.41,15,0,0,3,0
T000466,C0145,B0103,D0007,ID,23.14,9,0,1,3,0
T000467,C0025,B0195,D0057,US,90.53,8,0,0,3,0
T000468,C0090,B0176,D0029,HK,221.18,7,1,0,3,0
T000469,C0028,B0138,D0155,GB,338.64,5,0,0,6,0
T000470,C0140,B0188,D0037,NL,72.74,23,0,0,3,0
T000471,C0111,B0198,D0051,CN,424.9,15,0,0,2,0
T000472,C0121,B0147,D0175,CN,32.6,4,0,1,1,0
T000473,C0065,B0070,D0147,US,42.62,20,0,0,3,0
T000474,C0071,B0197,D0040,DE,301.77,3,0,0,1,0
T000475,C0096,B0186,D0069,NL,789.28,14,0,1,3,0
T000476,C0118,B0255,D0093,ID,243.09,3,0,1,3,0
T000477,C0128,B0039,D0119,CN,142.54,8,0,0,2,0
T000478,C0003,B0109,D0168,ID,16.52,15,1,1,3,0
T000479,C0100,B0240,D0156,NL,19.64,23,0,0,4,0
T000480,C0017,B0134,D0175,CN,168.92,23,0,0,3,0
T000481,C0044,B0245,D0008,SG,103.75,21,0,0,4,0
T000482,C0125,B0004,D0043,ID,49.12,5,0,1,3,0
T000483,C0038,B0010,D0101,SG,158.46,2,0,0,1,0
T000484,C0120,B0207,D0009,GB,166.52,21,0,0,1,0
T000485,C0070,B0093,D0064,ID,381.62,22,0,1,3,0
T000486,C0035,B0135,D0028,ID,170.14,6,0,0,1,0
T000487,C0051,B0111,D0167,NL,506.94,0,0,0,4,0
T000488,C0080,B0106,D0012,US,149.6,15,0,0,4,0
T000489,C0115,B0244,D0027,ID,132.25,1,1,0,3,0
T000490,C0091,B0025,D0035,SG,430.23,0,0,0,3,0
T000491,C0140,B0201,D0027,TH,55.79,22,0,0,4,0
T000492,C0131,B0231,D0102,GB,2476.12,11,0,1,2,0
T000493,C0114,B0171,D0066,CN,216.0,2,0,0,2,0
T000494,C0091,B0103,D0164,SG,217.2,15,1,0,3,0
T000495,C0044,B0042,D0047,SG,250.91,8,0,0,3,0
T000496,C0062,B0177,D0097,ID,969.85,12,0,0,2,0
T000497,C0018,B0122,D0119,GB,327.83,21,0,1,3,0
T000498,C0057,B0039,D0113,ID,29.81,5,0,0,3,0
T000499,C0139,B0094,D0143,ID,603.94,15,1,0,3,0
T000500,C0064,B0250,D0037,GB,105.54,19,0,0,2,0
T000501,C0018,B0069,D0091,MY,165.2,10,0,0,2,0
T000502,C0098,B0047,D0144,US,41.3,23,0,0,3,0
T000503,C0145,B0177,D0155,HK,251.19,10,0,1,4,0
T000504,C0131,B0052,D0111,HK,77.37,11,0,0,4,0
T000505,C0042,B0239,D0117,SG,164.05,21,0,0,2,0
T000506,C0069,B0223,D0155,SG,111.71,15,0,0,3,0
T000507,C0080,B0255,D0112,HK,1017.41,20,0,0,1,0
T000508,C0038,B0237,D0170,SG,17717.985780540726,23,1,1,13,1
T000509,C0041,B0064,D0023,CN,155.48,17,0,0,4,0
T000510,C0036,B0055,D0063,NL,158.22,5,1,0,1,0
T000511,C0150,B0089,D0021,TH,102.16,9,0,1,3,0
T000512,C0112,B0122,D0017,ID,448.54,20,0,1,3,0
T000513,C0127,B0228,D0003,SG,106.81,14,0,0,1,0
T000514,C0123,B0190,D0041,ID,97.38,6,1,1,1,0
T000515,C0144,B0167,D0073,SG,394.88,7,0,0,3,0
T000516,C0016,B0228,D0079,SG,86.63,18,0,0,2,0
T000517,C0133,B0168,D0112,ID,142.91,4,0,1,1,0
T000518,C0010,B0099,D0170,US,30.53,2,0,0,2,0
T000519,C0072,B0107,D0153,HK,300.12,18,0,0,2,0
T000520,C0090,B0134,D0068,MY,15433.522231918607,1,1,1,16,1
T000521,C0054,B0023,D0059,ID,305.28,18,0,0,1,0
T000522,C0022,B0193,D0138,ID,640.21,12,1,1,1,0
T000523,C0029,B0170,D0023,SG,63.68,23,0,0,3,0
T000524,C0124,B0190,D0097,ID,187.98,12,0,1,3,0
T000525,C0048,B0139,D0076,ID,57.79,20,0,0,1,0
T000526,C0047,B0203,D0033,TH,118.18,20,1,0,2,0
T000527,C0139,B0246,D0111,ID,321.25,5,1,0,2,0
T000528,C0022,B0148,D0058,ID,164.32,23,0,1,5,0
T000529,C0138,B0116,D0034,CN,36.14,17,0,0,4,0
T000530,C0139,B0028,D0117,HK,39.84,2,0,1,2,0
T000531,C0090,B0202,D0032,CN,37.29,0,0,0,3,0
T000532,C0025,B0235,D0121,SG,242.61,6,0,0,3,0
T000533,C0024,B0182,D0030,DE,1168.99,0,0,0,4,0
T000534,C0043,B0225,D0078,ID,579.67,8,0,0,2,0
T000535,C0087,B0224,D0145,SG,22.29,23,1,1,3,0
T000536,C0024,B0207,D0041,GB,614.66,11,1,0,6,0
T000537,C0069,B0131,D0138,NL,378.57,0,1,0,3,0
T000538,C0018,B0026,D0130,SG,31.65,11,0,0,2,0
T000539,C0082,B0001,D0162,CN,109.6,5,0,0,2,0
T000540,C0004,B0053,D0031,ID,443.87,20,1,0,2,0
T000541,C0107,B0112,D0129,ID,257.35,2,0,1,1,0
T000542,C0009,B0193,D0168,ID,878.3664662624986,3,1,1,19,1
T000543,C0030,B0119,D0137,GB,273.35,10,1,0,5,0
T000544,C0027,B0006,D0034,SG,17.51,0,0,0,1,0
T000545,C0125,B0055,D0148,GB,118.77,16,0,0,5,0
T000546,C0009,B0254,D0020,ID,463.11,10,0,0,4,0
T000547,C0065,B0256,D0106,NL,151.17,18,0,0,2,0
T000548,C0089,B0098,D0090,DE,90.11,14,0,0,4,0
T000549,C0078,B0209,D0096,ID,361.17,18,0,1,3,0
T000550,C0103,B0187,D0093,ID,393.37,11,0,1,5,0
T000551,C0121,B0242,D0006,ID,550.07,0,1,1,3,0
T000552,C0060,B0230,D0091,DE,355.79,3,0,1,2,0
T000553,C0125,B0163,D0168,ID,437.63,11,0,0,2,0
T000554,C0048,B0103,D0079,CN,308.87,9,0,1,2,0
T000555,C0148,B0163,D0050,SG,193.55,19,0,0,3,0
T000556,C0076,B0083,D0179,US,162.31,9,0,0,1,0
T000557,C0111,B0091,D0018,HK,117.07,20,0,0,9,0
T000558,C0132,B0158,D0088,HK,44.15,4,0,0,6,0
T000559,C0119,B0148,D0092,TH,57.09,9,0,1,7,0
T000560,C0128,B0151,D0086,ID,2686.384269065448,23,1,1,16,1
T000561,C0081,B0100,D0165,DE,188.94,2,1,0,2,0
T000562,C0007,B0106,D0076,ID,626.92,7,0,0,3,0
T000563,C0074,B0003,D0175,HK,142.34,18,0,0,3,0
T000564,C0028,B0156,D0012,NL,404.83,14,1,0,2,0
T000565,C0134,B0150,D0132,CN,436.73,18,0,1,1,0
T000566,C0036,B0243,D0107,GB,117.75,12,0,1,1,0
T000567,C0035,B0131,D0044,ID,268.99,20,0,0,5,0
T000568,C0038,B0122,D0041,SG,116.33,21,0,0,4,0
T000569,C0097,B0018,D0129,SG,556.76,23,0,0,1,0
T000570,C0086,B0051,D0115,HK,280.3,2,0,0,3,0
T000571,C0143,B0088,D0110,HK,45.13,14,0,0,4,0
T000572,C0063,B0098,D0010,SG,174.43,2,0,0,2,0
T000573,C0043,B0094,D0108,SG,771.33,5,0,0,3,0
T000574,C0008,B0103,D0176,ID,123.81,7,0,0,2,0
T000575,C0002,B0200,D0004,SG,232.23,15,0,0,2,0
T000576,C0057,B0034,D0084,ID,4505.32595320654,4,1,1,17,1
T000577,C0139,B0087,D0089,NL,52.63,20,0,0,2,0
T000578,C0079,B0043,D0161,CN,247.33,7,0,1,4,0
T000579,C0135,B0080,D0051,ID,36.82,14,0,0,5,0
T000580,C0016,B0178,D0086,GB,79.39,18,0,0,2,0
T000581,C0014,B0013,D0129,DE,9229.359877081495,4,1,1,15,1
T000582,C0126,B0088,D0011,ID,212.04,5,0,0,3,0
T000583,C0017,B0007,D0144,ID,109.46,17,0,0,4,0
T000584,C0008,B0248,D0148,ID,231.94,2,0,0,2,0
T000585,C0061,B0189,D0003,ID,139.76,13,0,0,2,0
T000586,C0139,B0064,D0117,US,150.29,9,0,1,2,0
T000587,C0104,B0052,D0134,TH,286.24,23,0,0,3,0
T000588,C0015,B0026,D0140,ID,71.71,18,0,0,3,0
T000589,C0126,B0123,D0162,US,154.52,22,1,1,3,0
T000590,C0127,B0196,D0077,ID,108.61,20,0,0,2,0
T000591,C0121,B0152,D0082,CN,30.4,9,0,0,3,0
T000592,C0136,B0229,D0115,US,59.12,17,0,1,2,0
T000593,C0036,B0090,D0035,SG,712.09,0,0,0,2,0
T000594,C0147,B0073,D0154,ID,218.05,13,0,0,5,0
T000595,C0049,B0124,D0138,CN,39.5,1,0,0,2,0
T000596,C0121,B0053,D0113,TH,31.81,17,1,0,4,0
T000597,C0087,B0253,D0054,ID,132.67,23,0,1,3,0
T000598,C0117,B0049,D0063,ID,707.11,16,1,0,1,0
T000599,C0095,B0125,D0078,ID,123.13,20,0,0,4,0
T000600,C0097,B0136,D0119,CN,548.4,5,1,0,1,0
T000601,C0093,B0015,D0140,CN,211.02,23,0,0,3,0
T000602,C0117,B0122,D0121,US,237.76,13,0,0,1,0
T000603,C0111,B0118,D0167,US,39.03,16,0,0,1,0
T000604,C0021,B0068,D0172,NL,378.99,18,0,1,4,0
T000605,C0124,B0034,D0127,US,106.17,15,0,0,3,0
T000606,C0081,B0012,D0067,ID,351.81,7,0,1,2,0
T000607,C0049,B0003,D0108,CN,65.75,14,0,0,3,0
T000608,C0078,B0125,D0077,SG,177.16,15,1,0,3,0
T000609,C0146,B0024,D0113,SG,211.03,20,0,0,1,0
T000610,C0129,B0249,D0146,MY,127.23,11,1,1,2,0
T000611,C0126,B0064,D0067,GB,222.42,12,0,0,3,0
T000612,C0070,B0170,D0091,TH,113.7,12,0,0,2,0
T000613,C0118,B0175,D0009,SG,1471.4698959528107,0,1,1,13,1
T000614,C0058,B0129,D0132,HK,739.14,2,0,0,4,0
T000615,C0103,B0229,D0088,HK,423.67,0,0,0,2,0
T000616,C0096,B0029,D0083,ID,69.35,15,1,0,2,0
T000617,C0038,B0061,D0096,ID,262.03,10,0,0,1,0
T000618,C0040,B0066,D0039,HK,70.62,20,1,0,5,0
T000619,C0010,B0036,D0108,ID,45.39,16,0,0,5,0
T000620,C0021,B0077,D0134,MY,417.3,3,0,1,2,0
T000621,C0066,B0081,D0003,ID,27.0,2,0,0,3,0
T000622,C0072,B0199,D0002,ID,374.97,8,0,0,1,0
T000623,C0025,B0079,D0070,US,115.27,22,0,1,2,0
T000624,C0063,B0228,D0036,ID,120.12,1,0,0,7,0
T000625,C0091,B0201,D0067,MY,223.58,4,0,0,2,0
T000626,C0035,B0234,D0113,GB,265.39,0,1,0,1,0
T000627,C0051,B0028,D0021,ID,64.95,9,0,0,2,0
T000628,C0056,B0256,D0134,GB,304.21,23,0,0,3,0
T000629,C0076,B0160,D0041,CN,166.23,16,0,1,4,0
T000630,C0055,B0255,D0161,US,42.26,11,0,1,5,0
T000631,C0111,B0092,D0132,DE,125.23,3,0,0,5,0
T000632,C0050,B0247,D0049,GB,590.68,8,0,0,5,0
T000633,C0066,B0153,D0101,CN,793.61,12,0,1,1,0
T000634,C0057,B0019,D0020,SG,304.1,6,0,0,3,0
T000635,C0028,B0107,D0018,GB,45.13,16,0,1,3,0
T000636,C0103,B0036,D0172,MY,242.4,23,0,0,4,0
T000637,C0036,B0244,D0144,CN,347.53,4,0,0,1,0
T000638,C0045,B0079,D0028,CN,306.65,6,0,1,1,0
T000639,C0119,B0058,D0051,SG,325.37,3,0,0,3,0
T000640,C0143,B0144,D0036,US,213.42,17,0,0,1,0
T000641,C0101,B0111,D0003,TH,138.05,11,0,1,2,0
T000642,C0138,B0026,D0053,ID,80.77,6,0,0,3,0
T000643,C0129,B0212,D0059,ID,22.24,5,0,0,8,0
T000644,C0073,B0220,D0095,HK,208.44,1,1,0,6,0
T000645,C0116,B0193,D0034,HK,178.76,11,0,0,3,0
T000646,C0050,B0160,D0159,CN,259.19,16,0,0,3,0
T000647,C0070,B0105,D0131,ID,38.96,5,0,0,3,0
T000648,C0081,B0141,D0137,SG,282.88,0,0,0,2,0
T000649,C0145,B0135,D0031,CN,1158.11,11,0,1,3,0
T000650,C0128,B0043,D0127,CN,3974.121203247537,3,1,1,10,1
T000651,C0074,B0022,D0150,CN,139.54,8,1,0,2,0
T000652,C0098,B0066,D0032,GB,202.15,6,0,0,2,0
T000653,C0031,B0118,D0135,CN,1132.67,3,0,1,1,0
T000654,C0121,B0042,D0065,US,53.32,17,0,0,3,0
T000655,C0083,B0028,D0141,CN,181.85,20,0,1,3,0
T000656,C0080,B0221,D0086,HK,66.71,18,1,0,1,0
T000657,C0115,B0098,D0144,CN,85.88,12,1,0,2,0
T000658,C0095,B0152,D0027,ID,141.23,17,1,1,3,0
T000659,C0011,B0136,D0070,ID,570.96,9,0,1,4,0
T000660,C0044,B0191,D0049,HK,898.74,0,0,0,5,0
T000661,C0027,B0192,D0045,NL,232.33,8,0,0,3,0
T000662,C0111,B0077,D0056,GB,101.84,16,0,0,4,0
T000663,C0006,B0220,D0069,ID,1794.96,15,0,0,3,0
T000664,C0031,B0097,D0023,CN,96.78,23,0,1,6,0
T000665,C0090,B0217,D0127,ID,1331.2882011403965,2,1,1,14,1
T000666,C0105,B0105,D0099,GB,623.2811240967806,1,1,1,13,1
T000667,C0076,B0029,D0149,DE,599.5,0,0,0,1,0
T000668,C0130,B0197,D0127,CN,390.82,6,1,0,4,0
T000669,C0138,B0008,D0027,CN,14305.73773939422,2,1,1,10,1
T000670,C0020,B0201,D0013,SG,36.98,19,0,0,1,0
T000671,C0143,B0012,D0076,HK,637.89,2,0,0,3,0
T000672,C0093,B0054,D0087,NL,159.2,3,0,0,2,0
T000673,C0096,B0157,D0044,GB,332.32,13,0,0,3,0
T000674,C0015,B0244,D0141,HK,28.57,15,0,1,2,0
T000675,C0094,B0106,D0105,SG,644.25,23,0,0,2,0
T000676,C0109,B0032,D0134,ID,325.88,18,1,0,5,0
T000677,C0088,B0061,D0020,ID,142.75,5,0,0,1,0
T000678,C0013,B0233,D0146,ID,282.91,0,0,0,2,0
T000679,C0079,B0189,D0037,SG,69.03,15,0,0,4,0
T000680,C0141,B0027,D0081,MY,83.14,13,0,0,3,0
T000681,C0109,B0100,D0079,HK,93.37,22,0,0,1,0
T000682,C0021,B0069,D0147,ID,23.27,13,0,0,1,0
T000683,C0144,B0047,D0050,ID,351.34,12,0,1,2,0
T000684,C0144,B0220,D0044,SG,488.62,7,0,0,2,0
T000685,C0026,B0160,D0061,DE,73.6,2,0,0,1,0
T000686,C0121,B0047,D0065,SG,210.23,21,0,0,6,0
T000687,C0062,B0169,D0033,US,1044.4437819585119,3,1,1,11,1
T000688,C0090,B0108,D0032,US,206.08,3,0,0,6,0
T000689,C0067,B0016,D0042,ID,79.24,16,0,1,4,0
T000690,C0118,B0117,D0084,CN,61.35,8,0,0,2,0
T000691,C0150,B0048,D0062,MY,424.99,10,0,0,2,0
T000692,C0120,B0064,D0071,SG,2792.9160616891327,4,1,1,14,1
T000693,C0140,B0228,D0129,ID,1121.15,20,0,0,2,0
T000694,C0142,B0184,D0044,MY,155.45,4,0,0,1,0
T000695,C0014,B0035,D0163,NL,58.79,7,0,0,3,0
T000696,C0039,B0221,D0135,HK,506.2,19,0,0,1,0
T000697,C0109,B0149,D0032,CN,278.89,22,1,0,4,0
T000698,C0089,B0227,D0057,ID,307.01,1,0,0,4,0
T000699,C0008,B0194,D0033,DE,488.14,20,0,0,1,0
T000700,C0015,B0088,D0049,HK,77.26,11,1,1,1,0
T000701,C0079,B0139,D0066,ID,130.68,14,0,0,5,0
T000702,C0093,B0138,D0024,GB,125.03,1,0,1,3,0
T000703,C0026,B0187,D0003,MY,40.82,16,1,0,2,0
T000704,C0026,B0065,D0079,DE,2820.6544138670592,23,1,1,20,1
T000705,C0020,B0087,D0002,ID,564.75,15,0,1,4,0
T000706,C0085,B0064,D0055,ID,188.17,18,1,0,2,0
T000707,C0002,B0077,D0155,MY,38.63,22,0,1,4,0
T000708,C0086,B0042,D0067,MY,31.32,20,0,0,2,0
T000709,C0072,B0010,D0162,HK,784.29,17,0,0,2,0
T000710,C0070,B0244,D0043,CN,3101.4307417020027,3,1,1,9,1
T000711,C0102,B0020,D0097,HK,77.68,16,0,0,3,0
T000712,C0079,B0230,D0137,SG,112.84,16,1,0,4,0
T000713,C0110,B0001,D0011,ID,33.88,13,0,0,2,0
T000714,C0115,B0202,D0167,ID,615.91,18,0,0,3,0
T000715,C0139,B0086,D0066,ID,100.18,1,0,0,2,0
T000716,C0120,B0135,D0090,DE,582.54,12,0,0,3,0
T000717,C0078,B0074,D0113,ID,156.28,10,0,0,6,0
T000718,C0074,B0128,D0116,ID,619.88,21,1,0,5,0
T000719,C0036,B0117,D0005,CN,191.85,1,0,0,2,0
T000720,C0090,B0138,D0156,ID,348.36,15,0,0,5,0
T000721,C0021,B0102,D0112,ID,6406.8174036016435,4,1,1,8,1
T000722,C0140,B0139,D0179,CN,276.8,21,0,0,1,0
T000723,C0127,B0214,D0085,SG,210.17,20,0,0,4,0
T000724,C0018,B0113,D0110,CN,117.58,5,0,1,4,0
T000725,C0118,B0094,D0079,MY,1007.71,20,0,1,1,0
T000726,C0018,B0035,D0160,ID,780.6309355622758,2,1,1,16,1
T000727,C0109,B0094,D0149,MY,149.05,23,1,0,3,0
T000728,C0014,B0033,D0163,MY,150.64,17,0,1,3,0
T000729,C0074,B0048,D0091,DE,221.95,0,0,1,2,0
T000730,C0099,B0247,D0142,CN,96.6,4,0,0,4,0
T000731,C0110,B0024,D0065,CN,203.31,9,0,0,2,0
T000732,C0063,B0125,D0083,CN,125.36,5,1,0,2,0
T000733,C0139,B0217,D0137,GB,30.51,3,0,0,2,0
T000734,C0117,B0247,D0015,ID,149.84,23,0,1,5,0
T000735,C0032,B0038,D0128,MY,49.37,20,0,0,3,0
T000736,C0101,B0043,D0003,CN,26.2,10,1,0,4,0
T000737,C0110,B0097,D0104,US,170.18,5,0,0,1,0
T000738,C0051,B0144,D0086,SG,241.74,4,0,1,1,0
T000739,C0111,B0249,D0084,ID,251.31,21,0,0,3,0
T000740,C0135,B0054,D0089,HK,261.69,7,0,1,3,0
T000741,C0123,B0043,D0089,HK,21.49,0,1,0,4,0
T000742,C0115,B0066,D0073,SG,38.05,9,0,0,2,0
T000743,C0096,B0227,D0081,SG,1067.98,10,0,0,1,0
T000744,C0041,B0008,D0102,ID,52.08,14,0,0,3,0
T000745,C0120,B0099,D0137,HK,273.37,8,1,1,4,0
T000746,C0055,B0031,D0099,SG,74.67,22,0,0,1,0
T000747,C0080,B0041,D0116,TH,3510.3980599903657,1,1,1,19,1
T000748,C0048,B0238,D0150,ID,78.79,23,1,0,3,0
T000749,C0047,B0001,D0178,SG,260.22,8,0,0,4,0
T000750,C0024,B0084,D0020,SG,3607.3956862918603,4,1,1,21,1
T000751,C0145,B0238,D0128,CN,94.79,8,0,0,4,0
T000752,C0023,B0158,D0041,HK,51.93,16,0,0,6,0
T000753,C0013,B0019,D0036,CN,193.98,17,0,0,4,0
T000754,C0141,B0121,D0142,MY,44.14,7,0,0,3,0
T000755,C0084,B0252,D0002,SG,227.58,22,0,0,2,0
T000756,C0066,B0104,D0152,GB,2051.82,20,0,0,4,0
T000757,C0111,B0137,D0138,ID,572.59,21,1,0,4,0
T000758,C0058,B0138,D0179,ID,304.4,5,0,0,1,0
T000759,C0020,B0172,D0120,HK,136.24,17,0,0,4,0
T000760,C0110,B0049,D0157,ID,21.35,2,0,1,6,0
T000761,C0027,B0218,D0022,CN,39.56,2,0,1,4,0
T000762,C0083,B0257,D0160,GB,535.28,23,0,0,4,0
T000763,C0143,B0037,D0002,US,1565.7746423909439,0,1,1,22,1
T000764,C0141,B0212,D0057,HK,73.75,20,0,0,2,0
T000765,C0055,B0212,D0023,CN,125.76,10,0,0,5,0
T000766,C0118,B0193,D0072,SG,51.31,7,0,0,3,0
T000767,C0092,B0097,D0135,ID,43.52,1,0,0,1,0
T000768,C0072,B0122,D0002,ID,141.11,16,1,1,2,0
T000769,C0021,B0218,D0148,CN,60.85,17,0,0,3,0
T000770,C0057,B0040,D0109,TH,70.74,11,0,0,4,0
T000771,C0098,B0215,D0113,ID,67.95,19,0,0,2,0
T000772,C0148,B0239,D0169,CN,250.22,7,0,0,4,0
T000773,C0001,B0177,D0078,US,117.67,13,0,0,3,0
T000774,C0108,B0089,D0001,DE,124.14,6,1,0,4,0
T000775,C0127,B0145,D0179,CN,2318.513626131208,2,1,1,14,1
T000776,C0143,B0013,D0100,CN,128.76,3,0,1,2,0
T000777,C0064,B0242,D0111,GB,112.36,11,0,1,3,0
T000778,C0018,B0089,D0054,DE,237.57,13,0,0,4,0
T000779,C0041,B0015,D0039,ID,289.51,13,0,1,2,0
T000780,C0128,B0206,D0031,MY,128.11,10,0,0,4,0
T000781,C0132,B0171,D0041,ID,160.87,15,0,1,2,0
T000782,C0096,B0162,D0035,DE,67.91,12,0,0,3,0
T000783,C0019,B0015,D0134,ID,62.76,6,0,0,3,0
T000784,C0019,B0195,D0011,ID,320.26,5,0,0,2,0
T000785,C0072,B0166,D0113,ID,231.58,15,0,0,1,0
T000786,C0089,B0206,D0170,HK,233.99,22,0,0,1,0
T000787,C0005,B0215,D0138,SG,196.54,18,0,0,4,0
T000788,C0103,B0055,D0073,ID,155.43,15,0,0,4,0
T000789,C0082,B0055,D0011,HK,297.8,22,1,0,4,0
T000790,C0002,B0240,D0150,SG,378.08,21,0,0,5,0
T000791,C0015,B0138,D0001,US,369.16,12,0,1,4,0
T000792,C0069,B0114,D0122,NL,134.19,2,0,0,1,0
T000793,C0109,B0075,D0121,CN,8401.138818353089,2,1,1,7,1
T000794,C0124,B0166,D0035,ID,2042.0169130364843,1,1,1,14,1
T000795,C0065,B0196,D0133,SG,279.33,6,0,0,3,0
T000796,C0045,B0001,D0032,MY,196.78,20,0,0,3,0
T000797,C0146,B0144,D0041,ID,190.0,20,0,0,4,0
T000798,C0069,B0258,D0146,SG,71.11,7,0,0,2,0
T000799,C0048,B0073,D0176,MY,299.27,11,0,1,3,0
T000800,C0067,B0073,D0048,MY,2553.69,4,0,0,2,0
T000801,C0002,B0228,D0165,SG,102.02,4,0,1,4,0
T000802,C0046,B0017,D0164,CN,159.33,6,0,0,1,0
T000803,C0078,B0103,D0138,HK,94.99,8,0,0,3,0
T000804,C0138,B0119,D0026,US,91.1,6,0,0,2,0
T000805,C0111,B0207,D0054,ID,17366.787131737812,2,1,1,13,1
T000806,C0118,B0034,D0122,ID,75.72,10,0,0,3,0
T000807,C0082,B0113,D0179,CN,92.38,14,0,0,5,0
T000808,C0017,B0040,D0146,ID,30.34,7,0,0,3,0
T000809,C0059,B0204,D0076,CN,69.57,12,0,0,1,0
T000810,C0150,B0164,D0003,SG,26.89,6,0,1,5,0
T000811,C0007,B0129,D0172,NL,279.17,16,0,1,3,0
T000812,C0132,B0102,D0050,DE,2439.86,15,0,0,2,0
T000813,C0103,B0040,D0062,HK,102.86,23,0,1,2,0
T000814,C0043,B0239,D0173,US,28.03,1,0,0,2,0
T000815,C0117,B0168,D0101,ID,365.04,20,0,0,1,0
T000816,C0126,B0083,D0048,HK,71.74,8,0,0,1,0
T000817,C0007,B0108,D0001,ID,544.22,1,0,0,3,0
T000818,C0016,B0189,D0077,NL,111.94,16,0,0,3,0
T000819,C0100,B0187,D0177,DE,78.9,4,0,0,1,0
T000820,C0150,B0120,D0078,MY,124.22,4,0,0,4,0
T000821,C0004,B0079,D0126,NL,316.64,23,0,1,2,0
T000822,C0100,B0171,D0046,MY,118.22,5,1,1,2,0
T000823,C0021,B0171,D0139,ID,90.31,13,0,0,4,0
T000824,C0098,B0156,D0139,MY,121.65,4,0,0,2,0
T000825,C0094,B0019,D0109,CN,41.6,2,0,0,2,0
T000826,C0014,B0123,D0139,SG,220.75,0,0,0,1,0
T000827,C0103,B0160,D0104,CN,24.86,0,0,0,2,0
T000828,C0135,B0247,D0068,SG,95.19,11,1,0,3,0
T000829,C0130,B0137,D0133,SG,317.15,10,0,0,3,0
T000830,C0005,B0089,D0150,ID,200.95,0,0,0,2,0
T000831,C0037,B0144,D0151,ID,4123.000928580706,1,1,1,9,1
T000832,C0037,B0046,D0039,HK,139.07,6,0,0,4,0
T000833,C0068,B0024,D0122,NL,478.06,13,0,1,2,0
T000834,C0022,B0176,D0002,CN,374.17,23,0,0,4,0
T000835,C0129,B0256,D0002,HK,231.86,16,0,0,3,0
T000836,C0117,B0220,D0103,SG,375.23,22,0,0,5,0
T000837,C0122,B0152,D0066,HK,314.32,4,0,0,4,0
T000838,C0030,B0011,D0178,ID,95.63,5,0,0,1,0
T000839,C0003,B0256,D0159,DE,38.71,18,1,0,2,0
T000840,C0137,B0117,D0007,ID,225.96,7,0,0,1,0
T000841,C0044,B0076,D0038,GB,256.23,20,1,0,3,0
T000842,C0099,B0232,D0038,US,441.63,11,0,0,6,0
T000843,C0137,B0194,D0161,CN,58.19,4,1,0,6,0
T000844,C0006,B0195,D0093,NL,59.95,20,0,0,3,0
T000845,C0001,B0072,D0131,SG,235.07,13,0,0,4,0
T000846,C0001,B0257,D0145,NL,138.22,19,0,0,2,0
T000847,C0024,B0118,D0138,GB,22.52,10,1,0,2,0
T000848,C0008,B0138,D0016,US,2675.0749783189813,0,1,1,20,1
T000849,C0123,B0195,D0026,CN,23.28,16,0,0,2,0
T000850,C0091,B0171,D0003,DE,57.67,2,0,0,3,0
T000851,C0148,B0045,D0061,TH,573.46,15,0,0,5,0
T000852,C0121,B0079,D0134,SG,920.47,10,1,0,3,0
T000853,C0145,B0094,D0028,DE,44.01,18,0,0,4,0
T000854,C0036,B0246,D0067,US,106.76,20,0,0,6,0
T000855,C0044,B0186,D0043,HK,154.88,9,0,1,5,0
T000856,C0128,B0095,D0034,MY,881.15,21,0,1,4,0
T000857,C0037,B0191,D0031,SG,1465.8124638976167,23,1,1,19,1
T000858,C0009,B0192,D0035,CN,92.12,2,0,0,3,0
T000859,C0101,B0103,D0102,ID,698.35,23,0,0,1,0
T000860,C0121,B0105,D0074,ID,102.02,13,0,0,3,0
T000861,C0146,B0232,D0078,DE,305.58,10,1,0,1,0
T000862,C0140,B0146,D0086,SG,33.88,3,0,0,2,0
T000863,C0019,B0039,D0133,SG,125.06,6,0,0,2,0
T000864,C0116,B0187,D0002,ID,28.23,16,0,0,3,0
T000865,C0127,B0153,D0095,HK,51.65,19,1,0,2,0
T000866,C0105,B0132,D0115,US,343.5,21,0,0,2,0
T000867,C0123,B0188,D0133,NL,141.19,9,0,0,1,0
T000868,C0126,B0235,D0124,ID,107.87,10,0,1,3,0
T000869,C0067,B0086,D0025,CN,70.19,3,1,0,1,0
T000870,C0007,B0109,D0176,HK,119.03,1,1,0,6,0
T000871,C0069,B0050,D0030,CN,200.56,10,0,1,3,0
T000872,C0031,B0168,D0074,HK,396.6,13,1,0,2,0
T000873,C0018,B0105,D0117,SG,10.75,2,0,0,1,0
T000874,C0019,B0089,D0073,HK,64.6,9,0,0,2,0
T000875,C0105,B0181,D0044,CN,174.01,15,0,0,4,0
T000876,C0076,B0106,D0166,HK,134.44,19,0,0,3,0
T000877,C0081,B0121,D0013,HK,222.16,22,0,1,2,0
T000878,C0112,B0114,D0045,DE,193.94,8,1,1,3,0
T000879,C0083,B0067,D0178,US,109.41,9,1,1,3,0
T000880,C0095,B0033,D0131,SG,87.63,20,0,1,2,0
T000881,C0013,B0215,D0016,US,116.11,16,0,0,2,0
T000882,C0128,B0024,D0136,DE,468.13,6,0,1,3,0
T000883,C0068,B0085,D0174,ID,71.38,16,0,0,5,0
T000884,C0024,B0173,D0018,CN,139.38,3,1,0,3,0
T000885,C0122,B0035,D0075,SG,178.28,10,0,0,4,0
T000886,C0111,B0170,D0084,GB,706.52,7,0,1,4,0
T000887,C0008,B0190,D0024,ID,109.91,23,0,1,1,0
T000888,C0029,B0172,D0036,GB,387.15,0,1,0,3,0
T000889,C0003,B0080,D0032,ID,508.76,20,1,0,3,0
T000890,C0041,B0006,D0034,HK,139.25,6,0,0,2,0
T000891,C0015,B0230,D0073,MY,120.21,0,0,0,3,0
T000892,C0107,B0085,D0084,SG,106.8,15,0,1,4,0
T000893,C0079,B0209,D0043,NL,1928.2350035808881,1,1,1,18,1
T000894,C0148,B0052,D0052,TH,348.71,3,0,0,1,0
T000895,C0113,B0043,D0035,NL,186.98,0,1,0,4,0
T000896,C0092,B0202,D0143,ID,187.78,2,0,0,3,0
T000897,C0077,B0244,D0038,DE,48.17,9,1,0,3,0
T000898,C0009,B0223,D0163,ID,56.4,3,0,0,2,0
T000899,C0011,B0195,D0097,SG,1265.78,16,0,1,3,0
T000900,C0093,B0064,D0144,NL,124.23,1,1,0,1,0
T000901,C0001,B0237,D0114,GB,68.39,18,0,1,1,0
T000902,C0007,B0173,D0048,HK,620.86,20,0,0,2,0
T000903,C0033,B0045,D0108,SG,196.73,17,1,0,1,0
T000904,C0133,B0034,D0050,DE,264.58,22,0,0,2,0
T000905,C0069,B0226,D0022,GB,129.28,22,1,0,2,0
T000906,C0107,B0072,D0046,HK,107.91,1,0,0,4,0
T000907,C0062,B0199,D0050,NL,125.26,8,1,0,3,0
T000908,C0026,B0036,D0025,ID,37.24,18,0,1,3,0
T000909,C0056,B0073,D0005,ID,135.92,8,0,0,3,0
T000910,C0014,B0074,D0169,CN,199.54,17,1,0,3,0
T000911,C0116,B0073,D0002,TH,944.32,18,0,0,1,0
T000912,C0028,B0175,D0001,ID,161.74,23,0,0,5,0
T000913,C0057,B0237,D0167,ID,14.38,7,0,0,3,0
T000914,C0148,B0236,D0041,ID,135.1,8,0,0,4,0
T000915,C0089,B0193,D0073,NL,2297.33,0,1,0,3,0
T000916,C0069,B0053,D0152,ID,352.96,6,0,0,3,0
T000917,C0082,B0249,D0114,HK,65.96,6,0,1,2,0
T000918,C0118,B0141,D0072,TH,268.03,10,0,0,4,0
T000919,C0039,B0142,D0046,ID,70.67,10,1,0,2,0
T000920,C0096,B0182,D0007,CN,38.33,20,1,0,2,0
T000921,C0131,B0200,D0016,HK,104.76,18,1,1,3,0
T000922,C0086,B0247,D0001,US,162.64,17,0,0,1,0
T000923,C0067,B0151,D0141,SG,482.3823084608532,3,1,1,9,1
T000924,C0022,B0159,D0002,SG,47.03,11,0,0,1,0
T000925,C0038,B0194,D0078,ID,149.96,17,0,0,1,0
T000926,C0142,B0067,D0141,US,98.67,5,0,0,1,0
T000927,C0082,B0080,D0029,US,220.26,10,0,0,4,0
T000928,C0046,B0162,D0038,ID,44.05,17,0,0,1,0
T000929,C0063,B0017,D0071,SG,303.12,19,0,0,2,0
T000930,C0087,B0084,D0165,NL,45.43,20,0,0,2,0
T000931,C0081,B0186,D0110,ID,767.19,10,0,1,2,0
T000932,C0105,B0253,D0153,SG,26.69,9,0,0,2,0
T000933,C0039,B0135,D0045,CN,49.77,9,1,0,2,0
T000934,C0098,B0104,D0152,SG,225.29,16,0,0,3,0
T000935,C0067,B0115,D0013,ID,783.86,10,1,0,2,0
T000936,C0142,B0178,D0041,HK,203.37,9,0,0,3,0
T000937,C0024,B0142,D0094,ID,260.57,4,0,0,2,0
T000938,C0023,B0007,D0010,HK,151.04,11,0,0,1,0
T000939,C0070,B0140,D0154,GB,708.3193188254965,3,1,1,22,1
T000940,C0077,B0104,D0156,CN,90.91,12,0,0,4,0
T000941,C0104,B0182,D0097,ID,44.17,21,0,0,4,0
T000942,C0061,B0227,D0055,DE,41.32,18,0,1,6,0
T000943,C0138,B0250,D0018,ID,221.79,11,1,0,3,0
T000944,C0072,B0159,D0111,US,48.27,23,0,0,4,0
T000945,C0020,B0094,D0097,SG,204.29,23,0,1,3,0
T000946,C0018,B0115,D0137,US,40.37,10,0,0,2,0
T000947,C0147,B0046,D0108,ID,199.61,18,0,0,3,0
T000948,C0021,B0243,D0023,ID,91.04,8,0,1,2,0
T000949,C0143,B0220,D0022,HK,605.84,21,0,0,3,0
T000950,C0042,B0222,D0001,ID,205.15,8,0,1,3,0
T000951,C0015,B0085,D0029,ID,510.7,6,0,0,2,0
T000952,C0046,B0084,D0168,GB,69.71,3,1,1,1,0
T000953,C0093,B0222,D0019,DE,156.98,20,1,1,3,0
T000954,C0065,B0142,D0131,ID,55.64,7,0,0,3,0
T000955,C0118,B0183,D0175,NL,98.14,19,1,1,3,0
T000956,C0092,B0127,D0001,US,114.19,2,0,0,3,0
T000957,C0061,B0115,D0011,NL,71.82,12,0,0,3,0
T000958,C0096,B0164,D0157,GB,44.01,10,1,0,3,0
T000959,C0146,B0211,D0034,GB,36.11,10,0,0,3,0
T000960,C0062,B0087,D0095,HK,14.3,4,0,0,3,0
T000961,C0024,B0210,D0177,CN,51.61,1,0,0,2,0
T000962,C0062,B0064,D0134,MY,277.96,8,0,0,5,0
T000963,C0127,B0105,D0009,ID,30.01,11,0,0,2,0
T000964,C0033,B0237,D0147,SG,37.78,19,0,1,2,0
T000965,C0143,B0248,D0029,ID,889.71,11,0,0,3,0
T000966,C0089,B0240,D0135,MY,78.53,5,0,1,2,0
T000967,C0091,B0082,D0112,HK,204.6,6,0,1,1,0
T000968,C0048,B0219,D0052,GB,282.12,14,0,0,3,0
T000969,C0139,B0243,D0076,DE,287.87,10,1,0,3,0
T000970,C0006,B0254,D0022,TH,32.38,21,0,1,4,0
T000971,C0045,B0006,D0177,ID,117.79,10,0,1,3,0
T000972,C0063,B0193,D0043,US,29.42,13,0,1,1,0
T000973,C0072,B0259,D0056,NL,1713.54,1,0,1,2,0
T000974,C0072,B0199,D0091,ID,30.12,4,0,0,7,0
T000975,C0023,B0061,D0121,US,52.05,20,0,0,2,0
T000976,C0034,B0198,D0091,SG,52.43,8,0,1,2,0
T000977,C0015,B0028,D0091,CN,33.23,10,0,0,1,0
T000978,C0086,B0125,D0105,HK,573.98,14,0,1,2,0
T000979,C0053,B0163,D0154,ID,1673.12,1,1,0,2,0
T000980,C0085,B0119,D0071,ID,92.23,12,0,0,3,0
T000981,C0089,B0182,D0149,ID,39.63,8,0,0,2,0
T000982,C0106,B0063,D0141,ID,15.85,3,0,0,1,0
T000983,C0083,B0158,D0173,CN,116.27,10,0,1,2,0
T000984,C0098,B0168,D0164,SG,108.16,10,0,0,3,0
T000985,C0089,B0165,D0143,ID,77.38,4,0,0,3,0
T000986,C0098,B0075,D0045,GB,185.19,13,0,0,1,0
T000987,C0093,B0080,D0139,GB,220.34,17,0,1,1,0
T000988,C0048,B0067,D0132,HK,205.02,6,0,0,2,0
T000989,C0037,B0120,D0052,MY,108.19,23,0,0,3,0
T000990,C0119,B0152,D0122,SG,49.32,14,0,0,2,0
T000991,C0052,B0094,D0046,DE,288.83,18,0,0,2,0
T000992,C0083,B0107,D0094,ID,150.28,1,0,1,3,0
T000993,C0030,B0075,D0143,GB,360.81,18,1,1,2,0
T000994,C0065,B0057,D0034,TH,5454.367989450094,2,1,1,25,1
T000995,C0080,B0171,D0061,DE,35.81,17,0,0,6,0
T000996,C0094,B0212,D0143,CN,35.37,19,0,0,1,0
T000997,C0079,B0076,D0082,CN,69.72,6,0,0,4,0
T000998,C0055,B0223,D0172,SG,1139.236480167043,3,1,1,9,1
T000999,C0145,B0148,D0002,GB,315.85,1,0,0,3,0
T001000,C0077,B0044,D0130,US,4682.370527852889,1,1,1,10,1
T001001,C0122,B0095,D0146,TH,445.49,18,0,1,4,0
T001002,C0111,B0002,D0165,HK,220.63,9,0,0,1,0
T001003,C0084,B0011,D0029,ID,182.85,3,0,0,5,0
T001004,C0133,B0088,D0177,CN,492.62,7,0,0,2,0
T001005,C0020,B0118,D0071,ID,237.4,9,0,0,5,0
T001006,C0139,B0207,D0064,ID,158.87,21,0,0,1,0
T001007,C0128,B0035,D0064,SG,652.27,2,0,0,3,0
T001008,C0076,B0218,D0115,GB,166.53,8,1,0,2,0
T001009,C0111,B0061,D0119,ID,109.47,15,0,0,3,0
T001010,C0079,B0036,D0085,ID,64.21,5,0,1,4,0
T001011,C0041,B0182,D0013,ID,299.77,21,0,1,1,0
T001012,C0120,B0201,D0177,NL,511.35,21,0,0,6,0
T001013,C0037,B0157,D0040,GB,141.09,9,0,0,3,0
T001014,C0048,B0030,D0017,ID,548.9,17,0,0,1,0
T001015,C0078,B0030,D0107,ID,20.7,18,0,0,4,0
T001016,C0126,B0102,D0074,CN,140.41,16,0,1,2,0
T001017,C0058,B0117,D0111,SG,142.58,4,1,1,4,0
T001018,C0075,B0259,D0157,CN,71.74,1,1,0,3,0
T001019,C0007,B0075,D0018,SG,1609.79,8,0,0,4,0
T001020,C0018,B0050,D0051,MY,138.91,3,0,0,2,0
T001021,C0009,B0245,D0093,SG,98.72,7,0,0,3,0
T001022,C0011,B0040,D0142,GB,152.32,15,1,1,4,0
T001023,C0131,B0007,D0108,ID,20.03,14,1,0,2,0
T001024,C0127,B0110,D0003,MY,69.42,5,0,0,2,0
T001025,C0124,B0104,D0110,TH,396.72,0,0,0,1,0
T001026,C0009,B0161,D0176,GB,79.13,5,0,0,1,0
T001027,C0012,B0228,D0086,HK,64.79,10,1,0,2,0
T001028,C0043,B0242,D0159,ID,549.78,18,0,1,2,0
T001029,C0085,B0076,D0140,DE,566.94,8,0,0,3,0
T001030,C0051,B0255,D0054,GB,248.88,6,0,0,4,0
T001031,C0074,B0164,D0045,ID,94.15,13,0,0,4,0
T001032,C0026,B0019,D0138,HK,116.81,1,0,0,1,0
T001033,C0110,B0244,D0038,HK,66.41,5,0,0,3,0
T001034,C0048,B0036,D0061,DE,54.88,0,0,0,3,0
T001035,C0010,B0153,D0043,GB,52.23,12,0,0,1,0
T001036,C0112,B0205,D0109,CN,79.99,10,0,0,3,0
T001037,C0136,B0065,D0053,CN,52.73,13,0,1,2,0
T001038,C0003,B0071,D0118,ID,31.07,14,1,0,2,0
T001039,C0066,B0124,D0168,SG,184.82,9,0,1,3,0
T001040,C0125,B0230,D0149,ID,187.65,20,0,0,3,0
T001041,C0106,B0058,D0170,US,813.05,22,0,0,3,0
T001042,C0129,B0172,D0002,SG,76.07,2,0,0,1,0
T001043,C0063,B0118,D0082,SG,199.56,22,0,0,5,0
T001044,C0056,B0029,D0040,ID,202.9,4,0,0,2,0
T001045,C0107,B0185,D0165,ID,115.14,5,0,0,3,0
T001046,C0024,B0216,D0128,CN,7164.382974031779,1,1,1,10,1
T001047,C0036,B0150,D0058,ID,322.22,0,0,0,3,0
T001048,C0091,B0046,D0101,ID,4612.352654286048,23,1,1,11,1
T001049,C0101,B0041,D0109,US,114.93,4,0,1,1,0
T001050,C0018,B0110,D0089,SG,103.8,11,0,0,1,0
T001051,C0077,B0132,D0085,SG,37.8,19,0,1,1,0
T001052,C0055,B0144,D0010,SG,66.29,22,0,1,3,0
T001053,C0076,B0064,D0081,DE,79.68,5,0,1,3,0
T001054,C0144,B0130,D0063,SG,48.23,13,0,1,2,0
T001055,C0012,B0077,D0147,US,230.42,11,1,0,1,0
T001056,C0150,B0178,D0003,MY,491.09,9,0,0,2,0
T001057,C0068,B0207,D0135,CN,59.86,15,0,1,6,0
T001058,C0116,B0170,D0006,SG,3353.6823706981286,4,1,1,11,1
T001059,C0064,B0001,D0151,US,52.77,9,0,0,2,0
T001060,C0047,B0257,D0071,HK,109.41,1,1,0,2,0
T001061,C0116,B0007,D0075,SG,74.42,21,0,0,2,0
T001062,C0104,B0259,D0170,HK,270.94,22,1,0,4,0
T001063,C0022,B0009,D0156,SG,75.28,7,0,0,1,0
T001064,C0106,B0134,D0010,ID,408.16,12,0,1,1,0
T001065,C0113,B0028,D0065,SG,116.08,20,1,1,6,0
T001066,C0059,B0025,D0135,ID,77.51,12,0,0,3,0
T001067,C0139,B0177,D0097,SG,42.38,11,0,0,1,0
T001068,C0097,B0189,D0047,CN,191.18,22,0,0,3,0
T001069,C0051,B0031,D0094,MY,363.3,19,1,0,2,0
T001070,C0002,B0253,D0156,ID,2144.006717614219,1,1,1,12,1
T001071,C0102,B0083,D0040,CN,1392.47,3,0,0,2,0
T001072,C0032,B0083,D0134,HK,620.04,10,1,0,2,0
T001073,C0114,B0077,D0132,ID,109.12,16,0,0,1,0
T001074,C0079,B0120,D0159,ID,107.98,6,0,0,2,0
T001075,C0071,B0047,D0054,ID,237.39,12,0,0,3,0
T001076,C0025,B0111,D0039,ID,64.2,15,0,0,2,0
T001077,C0107,B0055,D0099,ID,476.41,2,1,0,6,0
T001078,C0025,B0014,D0096,SG,213.07,13,0,0,3,0
T001079,C0063,B0096,D0074,HK,191.8,17,0,0,5,0
T001080,C0126,B0175,D0140,ID,294.99,5,0,0,2,0
T001081,C0139,B0198,D0144,ID,831.17,13,0,0,3,0
T001082,C0149,B0092,D0044,ID,176.08,17,1,1,3,0
T001083,C0144,B0084,D0143,CN,132.55,1,0,0,4,0
T001084,C0084,B0204,D0042,SG,670.97,15,0,0,1,0
T001085,C0031,B0177,D0073,CN,390.55,6,0,0,3,0
T001086,C0126,B0216,D0005,ID,107.66,9,0,1,6,0
T001087,C0121,B0235,D0061,ID,149.18,15,0,1,2,0
T001088,C0149,B0213,D0172,MY,180.44,0,0,0,3,0
T001089,C0098,B0243,D0080,ID,213.11,0,0,0,4,0
T001090,C0022,B0108,D0128,ID,38.22,10,1,0,1,0
T001091,C0076,B0103,D0020,ID,31.74,22,0,0,4,0
T001092,C0068,B0084,D0114,TH,61.11,0,0,0,3,0
T001093,C0127,B0061,D0067,CN,56.56,18,0,0,5,0
T001094,C0059,B0194,D0134,CN,77.96,1,0,1,1,0
T001095,C0050,B0186,D0167,TH,279.98,11,0,1,2,0
T001096,C0013,B0208,D0003,ID,125.35,10,0,0,1,0
T001097,C0126,B0044,D0019,TH,180.62,11,0,1,6,0
T001098,C0114,B0128,D0086,ID,43.63,1,0,0,5,0
T001099,C0007,B0058,D0001,CN,93.54,18,0,0,2,0
T001100,C0066,B0232,D0081,SG,2958.8690574751777,2,1,1,10,1
T001101,C0072,B0070,D0011,SG,269.06,18,0,0,2,0
T001102,C0071,B0038,D0115,MY,71.91,15,1,0,3,0
T001103,C0138,B0148,D0056,ID,174.45,13,0,0,3,0
T001104,C0023,B0228,D0037,TH,1337.89,7,0,0,3,0
T001105,C0046,B0238,D0004,SG,145.82,15,0,0,4,0
T001106,C0028,B0025,D0159,CN,74.2,23,0,0,2,0
T001107,C0037,B0085,D0001,TH,124.74,22,0,0,5,0
T001108,C0137,B0040,D0146,ID,162.74,21,0,0,3,0
T001109,C0142,B0080,D0011,MY,127.59,5,0,0,4,0
T001110,C0007,B0139,D0001,CN,143.83,14,0,0,4,0
T001111,C0095,B0073,D0174,GB,35.04,9,1,0,4,0
T001112,C0035,B0018,D0104,ID,56.68,23,0,0,2,0
T001113,C0029,B0133,D0024,HK,127.83,22,0,0,3,0
T001114,C0044,B0014,D0026,GB,125.8,20,0,1,3,0
T001115,C0030,B0059,D0048,HK,84.25,3,0,0,1,0
T001116,C0074,B0001,D0175,ID,124.34,7,0,1,1,0
T001117,C0150,B0023,D0031,ID,157.75,17,0,0,3,0
T001118,C0088,B0114,D0162,DE,361.19,17,0,0,2,0
T001119,C0109,B0221,D0122,ID,134.4,8,0,1,2,0
T001120,C0074,B0201,D0166,GB,221.21,3,0,0,3,0
T001121,C0003,B0026,D0148,TH,86.35,3,0,0,4,0
T001122,C0013,B0010,D0060,ID,262.98,16,0,0,2,0
T001123,C0041,B0088,D0149,ID,216.1,10,0,0,2,0
T001124,C0037,B0169,D0031,GB,352.77,11,0,1,5,0
T001125,C0127,B0194,D0053,ID,302.92,19,0,0,1,0
T001126,C0127,B0214,D0038,CN,6108.967203267404,1,1,1,11,1
T001127,C0129,B0089,D0024,GB,134.5,18,0,1,3,0
T001128,C0096,B0044,D0017,CN,189.6,6,0,1,2,0
T001129,C0084,B0007,D0034,SG,429.88,22,0,1,3,0
T001130,C0098,B0039,D0022,GB,77.32,22,0,0,2,0
T001131,C0062,B0017,D0069,CN,79.17,12,0,0,1,0
T001132,C0101,B0223,D0013,ID,177.94,7,0,0,2,0
T001133,C0120,B0070,D0011,CN,224.82,5,0,0,3,0
T001134,C0115,B0214,D0178,NL,65.1,4,0,0,1,0
T001135,C0093,B0144,D0016,CN,137.72,23,0,1,2,0
T001136,C0009,B0140,D0014,HK,135.1,4,0,1,2,0
T001137,C0109,B0118,D0006,SG,16.2,10,0,0,2,0
T001138,C0055,B0213,D0024,ID,119.15,11,0,0,2,0
T001139,C0112,B0012,D0095,ID,126.81,16,0,0,4,0
T001140,C0081,B0025,D0149,ID,126.43,20,0,0,3,0
T001141,C0133,B0110,D0132,TH,611.5,13,0,0,3,0
T001142,C0051,B0103,D0104,ID,635.0464835375254,2,1,1,11,1
T001143,C0140,B0142,D0016,DE,65.06,13,0,0,4,0
T001144,C0127,B0192,D0003,ID,10.89,10,0,0,1,0
T001145,C0050,B0153,D0007,SG,91.75,3,1,0,2,0
T001146,C0073,B0067,D0113,SG,1087.2162229621808,1,1,1,11,1
T001147,C0080,B0085,D0074,SG,89.12,10,0,0,2,0
T001148,C0116,B0195,D0158,US,449.29,1,0,0,3,0
T001149,C0104,B0053,D0056,MY,350.94,7,0,1,3,0
T001150,C0128,B0131,D0115,NL,160.43,11,0,1,2,0
T001151,C0056,B0140,D0079,ID,102.45,11,0,0,4,0
T001152,C0076,B0195,D0094,US,414.13,19,0,0,3,0
T001153,C0065,B0186,D0169,ID,145.51,23,0,0,2,0
T001154,C0137,B0121,D0128,MY,65.48,17,1,0,2,0
T001155,C0046,B0081,D0075,HK,26.68,1,0,0,2,0
T001156,C0089,B0096,D0081,SG,95.46,9,0,0,4,0
T001157,C0019,B0107,D0127,ID,315.65,17,0,0,3,0
T001158,C0128,B0057,D0062,ID,1445.97,14,0,0,3,0
T001159,C0058,B0162,D0031,ID,157.84,10,0,0,3,0
T001160,C0052,B0054,D0084,MY,69.04,10,1,0,2,0
T001161,C0088,B0169,D0013,US,746.84898826596,3,1,1,18,1
T001162,C0075,B0195,D0031,TH,257.74,13,0,0,3,0
T001163,C0128,B0250,D0076,ID,427.77248844059545,0,1,1,20,1
T001164,C0080,B0031,D0143,CN,257.33,12,1,0,3,0
T001165,C0078,B0197,D0140,ID,336.2,4,1,0,3,0
T001166,C0016,B0023,D0047,CN,4224.815659877611,3,1,1,11,1
T001167,C0004,B0088,D0076,SG,119.14,20,0,1,4,0
T001168,C0060,B0046,D0028,SG,261.11,12,0,0,1,0
T001169,C0150,B0043,D0136,CN,1461.2330498788715,0,1,1,15,1
T001170,C0138,B0046,D0045,ID,68.16,22,1,0,3,0
T001171,C0095,B0012,D0144,HK,944.27,15,0,0,1,0
T001172,C0095,B0214,D0151,CN,104.41,10,0,0,6,0
T001173,C0059,B0016,D0124,ID,5894.091069614932,23,1,1,24,1
T001174,C0027,B0104,D0060,MY,13.22,0,0,0,1,0
T001175,C0002,B0182,D0171,HK,531.91,5,0,1,3,0
T001176,C0051,B0257,D0123,DE,644.69,5,0,0,3,0
T001177,C0048,B0222,D0116,CN,152.91,17,0,0,4,0
T001178,C0029,B0036,D0154,GB,259.5,12,0,0,4,0
T001179,C0039,B0256,D0158,GB,259.44,23,1,0,3,0
T001180,C0004,B0170,D0014,NL,78.04,12,0,0,3,0
T001181,C0092,B0047,D0001,CN,256.5,21,1,0,3,0
T001182,C0140,B0117,D0137,ID,66.11,13,0,0,2,0
T001183,C0104,B0238,D0037,ID,80.74,8,0,1,4,0
T001184,C0068,B0102,D0056,CN,458.03,17,0,0,4,0
T001185,C0064,B0048,D0135,ID,393.33,10,0,0,2,0
T001186,C0047,B0227,D0039,ID,73.23,6,0,1,3,0
T001187,C0022,B0247,D0081,ID,71.27,11,0,0,4,0
T001188,C0090,B0253,D0124,CN,77.82,15,0,0,3,0
T001189,C0085,B0248,D0117,ID,308.78,9,1,0,5,0
T001190,C0002,B0227,D0163,CN,54.6,16,0,0,1,0
T001191,C0063,B0118,D0020,US,212.03,23,1,0,3,0
T001192,C0042,B0050,D0001,DE,313.2,9,1,0,3,0
T001193,C0026,B0160,D0177,SG,2506.92595347812,3,1,1,10,1
T001194,C0106,B0058,D0102,CN,407.51,9,0,0,2,0
T001195,C0079,B0123,D0045,CN,109.47,20,1,0,5,0
T001196,C0096,B0170,D0052,HK,119.84,4,1,0,2,0
T001197,C0108,B0246,D0061,CN,55.85,23,1,0,1,0
T001198,C0148,B0075,D0100,ID,410.42,9,0,0,6,0
T001199,C0121,B0066,D0051,TH,68.96,20,0,0,1,0
T001200,C0094,B0191,D0112,ID,210.56,18,1,0,5,0
